<?xml version="1.0"?>
<transfers xmlns="spryker:transfer-01"
           xmlns:xsi="http://www.w3.org/2001/XMLSchema-instance"
           xsi:schemaLocation="spryker:transfer-01 http://static.spryker.com/transfer-01.xsd">

 

    <transfer name="TrendProduct">
<property name="sku" type="string" />
<property name="name" type="string" />
<property name="price" type="int" />
<property name="image" type="string" />
</transfer>

 

    <transfer name="TrendProductList">
<property name="products" type="Product[]" />
</transfer>

 

</transfers>